group_1,group_2,n1,n2,mean_1,mean_2,std_1,std_2,mean_diff,t_welch,p_welch,t_pooled,p_pooled,alpha,reject_H0_welch
Young_15_30,Old_30_80,958,5081,111.70842032011133,124.33897526733584,11.32015629506121,18.1700293935457,-12.63055494722451,-28.332067845711837,5.312703398601639e-149,-20.768065046393374,1.3633587040172923e-92,0.05,True
