metric,value
R2,0.16198882077933086
adj_R2,0.16171114974579182
F,583.3839371530455
F_pvalue,2.3330998608569573e-232
AIC,50898.780483620336
BIC,50918.89846476326
n,6039.0
