variable,VIF
const,5420.149850925651
RIDAGEYR,1.024533118999006
BMXBMI,74.98375509644929
BMXWT,90.2182210962325
BMXHT,19.43010589953619
