variable,VIF
const,25.230292765279643
RIDAGEYR,1.0018902593646797
BMXBMI,1.0018902593646797
